nombre,bloque,provincia,votacion_final1,apellido,genero,poroteo,fuente_poroteo,twitter,fecha_nac,votacion_final0,edad
"massa, sergio",frente de todos,buenos aires,presidente,massa,Varón,abstención/ausente,https://twitter.com/natumader/status/1161397048018649091?s=20,@SergioMassa,1972-04-28,presidente,48
"matarazzo, norma",frente de todos,santiago del estero,negativo,matarazzo,Mujer,en contra,voto en diputados,NA,1948-04-13,negativo,72
"aicega, juan",pro,buenos aires,negativo,aicega,Varón,en contra,voto en diputados,@jaicega,1963-06-15,negativo,57
"allende, walberto",frente de todos,san juan,negativo,allende,Varón,en contra,voto en diputados,NA,1955-06-09,negativo,65
"sbodio, karim",frente de todos,san luis,negativo,sbodio,Varón,en contra,voto en diputados,NA,1981-03-31,negativo,39
"alvarez, felipe",accion federal,la rioja,negativo,alvarez,Varón,en contra,https://twitter.com/AdrianLaRioja/status/1143929934655774720,@FelipeAlvarezLR,1980-12-15,negativo,40
"amaya, domingo",pro,tucuman,negativo,amaya,Varón,en contra,https://www.lagaceta.com.ar/nota/814320/actualidad/precandidatos-fijan-postura-ante-discusion-interrupcion-voluntaria-embarazo.html,@DomingoAmayaOk,1958-08-25,negativo,62
"angelini, federico",pro,santa fe,negativo,angelini,Varón,en contra,https://twitter.com/Walterghione/status/1109582138712748034?s=20,@fangelini,1977-02-19,negativo,43
"ansaloni, pablo",unidad y equidad federal,buenos aires,negativo,ansaloni,Varón,en contra,voto en diputados,NA,1971-05-09,negativo,49
"arce, mario",union civica radical,formosa,negativo,arce,Varón,en contra,voto en diputados,NA,1975-11-06,negativo,45
"ascarate, lidia",union civica radical,tucuman,negativo,ascarate,Mujer,en contra,http://www.lagaceta.com.ar/nota/820934/lg-play/legalizacion-aborto-entre-la-marea-verde-lucha-las-dos-vidas.html,@AscarateLidia,1951-01-24,negativo,69
"asseff, alberto",pro,buenos aires,negativo,asseff,Varón,en contra,http://airevision.com.ar/2019/06/23/alberto-asseff-voy-a-votar-en-contra-de-la-legalizacion-del-aborto/,@DiputadoAsseff,1942-10-31,negativo,78
"avila, beatriz",partido por la justicia social,tucuman,negativo,avila,Mujer,en contra,voto en diputados,@Beatriz_AvilaOK,1966-05-10,negativo,54
"ayala, aida",union civica radical,chaco,negativo,ayala,Mujer,en contra,https://twitter.com/Carito_Ramos/status/1326214480175509504?s=20,@AidaAyala,1953-06-21,negativo,67
"baldassi, hector",pro,cordoba,negativo,baldassi,Varón,en contra,voto en diputados,@HectorBaldassi,1966-05-01,negativo,54
"berhongaray, martin",union civica radical,la pampa,negativo,berhongaray,Varón,en contra,segun su exposición.en diputados,@MBerhongaray,1978-03-06,negativo,42
"berisso, hernan",pro,buenos aires,negativo,berisso,Varón,en contra,voto en diputados,@hernanberisso,1970-09-02,negativo,50
"bertone, rosana",frente de todos,tierra del fuego,negativo,bertone,Mujer,en contra,https://viapais.com.ar/ushuaia/498332-la-gobernadora-de-tierra-del-fuego-rosana-bertone-se-manifesto-en-contra-del-aborto-legal/,@RosanaBertone,1972-09-05,negativo,48
"brambilla, sofia",pro,corrientes,negativo,brambilla,Mujer,en contra,https://www.radiodos.com.ar/69284-sofia-brambilla-confirmo-que-votara-en-contra-del-proyecto-de-aborto-impulsado-por-el-gobierno-nacional,@Sofiabrambilla,1980-03-16,negativo,40
"moral, eduardo",frente civico y social de catamarca,catamarca,negativo,moral,Varón,en contra,voto en diputados,NA,1944-08-20,negativo,76
"brue, daniel",frente de todos,santiago del estero,negativo,brue,Varón,en contra,https://www.pagina12.com.ar/diario/sociedad/3-142993-2010-03-31.html,@danielbrue,1964-12-28,negativo,56
"burgos, maria",union civica radical,jujuy,negativo,burgos,Mujer,en contra,voto en diputados,@mabyburgos,1971-03-06,negativo,49
"buryaile, ricardo",union civica radical,formosa,negativo,buryaile,Varón,en contra,Medios,@BuryaileRicardo,1970-01-01,negativo,50
"camano, graciela",consenso federal,buenos aires,negativo,camano,Mujer,en contra,Votó en diputados,@dipGCamanio,1953-04-25,negativo,67
"campagnoli, marcela",coalicion civica,buenos aires,negativo,campagnoli,Mujer,en contra,voto en diputados,@m_campagnoli,1957-11-11,negativo,63
"campos, javier",coalicion civica,buenos aires,negativo,campos,Varón,en contra,voto en diputados,@javiercamposok,1958-06-27,negativo,62
"cano, jose",union civica radical,tucuman,negativo,cano,Varón,en contra,voto en diputados,@JCanoOK,1965-07-15,negativo,55
"carambia, antonio",accion federal,santa cruz,negativo,carambia,Varón,en contra,voto en diputados,@A_Carambia,1982-01-28,negativo,38
"carrizo, soledad",union civica radical,cordoba,negativo,carrizo,Mujer,en contra,voto en diputados,@MSoleCarrizo,1977-04-21,negativo,43
"casas, sergio",frente de todos,la rioja,negativo,casas,Varón,en contra,https://www.pagina12.com.ar/126540-una-provincia-de-antiderechos,@SergioGCasas,1965-02-19,negativo,55
"caselles, graciela",frente de todos,san juan,negativo,caselles,Mujer,en contra,Votó en diputados,@gcaselles,1966-05-10,negativo,54
"cassinerio, paulo",cordoba federal,cordoba,negativo,cassinerio,Varón,en contra,voto en diputados,@PauloCassinerio,1979-06-17,negativo,41
"castets, laura",coalicion civica,santa fe,negativo,castets,Mujer,en contra,https://www.paginapolitica.com/actualidad/aborto-legal-la-postura-de-quienes-son-candidatos-el-domingo.htm,NA,1973-09-24,negativo,47
"cipolini, gerardo",union civica radical,chaco,negativo,cipolini,Varón,en contra,Firmo esto https://www4.hcdn.gob.ar/dependencias/dsecretaria/Periodo2020/PDF2020/TP2020/5854-D-2020.pdf,NA,1947-10-19,negativo,73
"contigiani, luis",frente progresista civico y social,santa fe,negativo,contigiani,Varón,en contra,voto en diputados,@LuisContigiani,1972-01-21,negativo,48
"cornejo, virginia",pro,salta,negativo,cornejo,Mujer,en contra,https://www.youtube.com/watch?v=BnnJGWc4JDc,@cornejovirginia,1951-10-18,negativo,69
"cresto, mayda",frente de todos,entre rios,negativo,cresto,Mujer,en contra,voto en diputados,@MaydaCresto,1972-02-06,negativo,48
"daldovo, nelly",frente de todos,formosa,negativo,daldovo,Mujer,en contra,voto 2020,NA,1949-03-21,negativo,71
"marchi, omar",pro,mendoza,negativo,marchi,Varón,en contra,https://www.losandes.com.ar/article/view?slug=omar-de-marchi-participo-de-la-marcha-a-favor-de-la-vida,@omardemarchi,1966-05-28,negativo,54
"sukaria, soher",pro,cordoba,negativo,sukaria,Mujer,en contra,https://www.laizquierdadiario.com/Aborto-legal-Que-opinan-los-legisladores-de-Cordoba,@SoherElSukaria,1975-05-16,negativo,45
"enriquez, jorge",pro,ciudad autonoma de buenos aires,negativo,enriquez,Varón,en contra,voto en diputados,@enriquezjorge,1947-10-03,negativo,73
"felix, omar",frente de todos,mendoza,negativo,felix,Varón,en contra,voto en diputados,@omarchafifelix,1960-06-30,negativo,60
"langan, ezequiel",pro,buenos aires,negativo,langan,Varón,en contra,voto en diputados,@eflangan,1978-07-20,negativo,42
"patri, gustavo",frente de todos,formosa,negativo,patri,Varón,en contra,voto en diputados,@ramirofpatri,1974-12-09,negativo,46
"fernandez, hector",frente de todos,buenos aires,negativo,fernandez,Varón,en contra,https://twitter.com/Auka24SM/status/1337051218548547591,@GallegoPM,1956-10-16,negativo,64
"flores, danilo",frente de todos,la rioja,negativo,flores,Varón,en contra,voto en diputados,@DaniloAFlores,1970-10-09,negativo,50
"flores, hector",coalicion civica,buenos aires,negativo,flores,Varón,en contra,voto en diputados,@totyflores,1953-12-08,negativo,67
"fregonese, alicia",pro,entre rios,negativo,fregonese,Mujer,en contra,voto en diputados,@aliciafregonese,1961-01-09,negativo,59
"frizza, gabriel",pro,cordoba,negativo,frizza,Varón,en contra,voto en diputados,@gabrielfrizza,1968-02-26,negativo,52
"ginocchio, silvana",frente de todos,catamarca,negativo,ginocchio,Mujer,en contra,voto en diputados,@SilGinocchio,1965-10-10,negativo,55
"gioja, jose",frente de todos,san juan,negativo,gioja,Varón,en contra,Votó en diputados,@joseluisgioja,1949-12-04,negativo,71
"gonzalez, alvaro",pro,ciudad autonoma de buenos aires,negativo,gonzalez,Varón,en contra,Votó en diputados,@_alvarogonzalez,1958-10-12,negativo,62
"grande, martin",pro,salta,negativo,grande,Varón,en contra,voto en diputados,@MartinGrandeok,1959-07-19,negativo,61
"gutierrez, carlos",cordoba federal,cordoba,negativo,gutierrez,Varón,en contra,https://twitter.com/nbg__/status/1337061629213745152?s=20,@Dip_Gutierrez,1953-10-27,negativo,67
"hein, gustavo",pro,entre rios,negativo,hein,Varón,en contra,https://www.eldiario.com.ar/27391-gustavo-hein-la-politica-consiste-en-escuchar-y-ejecutar/,@gustavohein_,1972-05-27,negativo,48
"herrera, bernardo",frente de todos,santiago del estero,negativo,herrera,Varón,en contra,https://www.elliberal.com.ar/noticia/544660/massa-convoco-congreso-frente-renovador-para-ampliar-dialogo-politico?utm_campaign=ScrollInfinitoDesktop&utm_medium=scroll&utm_source=nota,@PepeHerreraSgo,1969-02-01,negativo,51
"jetter, ingrid",pro,corrientes,negativo,jetter,Mujer,en contra,http://www.corrientesenelaire.com.ar/noticia/01582_ingrid-jetter--la-gente-tiene-que-elegir-mirando-la-trayectoria-del-candidato.htm,@IngridJetter,1971-12-06,negativo,49
"juez, luis",pro,cordoba,negativo,juez,Varón,en contra,https://www.clarin.com/politica/aborto-luis-juez-carta-senador-ernesto-martinez-vote_0_Bkdm7_R7Q.html,@ljuez,1963-09-13,negativo,57
"laspina, luciano",pro,santa fe,negativo,laspina,Varón,en contra,voto en diputados,@LaspinaL,1972-08-08,negativo,48
"lehmann, maria",coalicion civica,santa fe,negativo,lehmann,Mujer,en contra,voto en diputados,@lucilalehmann,1983-05-28,negativo,37
"leiva, aldo",frente de todos,chaco,negativo,leiva,Varón,en contra,https://www.lapoliticaonline.com/nota/124962-alberto-presiona-a-los-gobernadores-para-aprobar-la-ley-del-aborto/,@AldoAdolfoLeiva,1963-01-10,negativo,57
"manzi, ruben",coalicion civica,catamarca,negativo,manzi,Varón,en contra,https://www.elancasti.com.ar/opinion/2018/7/30/mi-posicion-en-torno-al-aborto-legal-378130.html,@ManziRubenOk,1954-12-01,negativo,66
"maquieyra, martin",pro,la pampa,negativo,maquieyra,Varón,en contra,voto en diputados,@Martinmaq,1988-11-10,negativo,32
"marquez, claudia",cordoba federal,cordoba,negativo,marquez,Mujer,en contra,https://twitter.com/AsisonRadioOK/status/1006189394678763520?s=20,@Claudiagmarquez,1969-01-22,negativo,51
"martiarena, jose",frente de todos,jujuy,negativo,martiarena,Varón,en contra,voto en diputados,@FteReyMilJusJuj,1960-06-05,negativo,60
"villada, leonor",coalicion civica,cordoba,negativo,villada,Mujer,en contra,Votó en diputados,@leonormartinezv,1950-06-05,negativo,70
"massetani, vanesa",frente de todos,santa fe,negativo,massetani,Mujer,en contra,Votó en diputados,NA,1982-03-03,negativo,38
"medina, gladys",frente de todos,tucuman,negativo,medina,Mujer,en contra,voto en diputados,@GladysMedinaOK,1973-04-29,negativo,47
"medina, martin",pro,buenos aires,negativo,medina,Varón,en contra,voto en diputados,@MEDINAMN,1985-06-16,negativo,35
"mestre, diego",union civica radical,cordoba,negativo,mestre,Varón,en contra,voto en diputados,@DiegoMMestre,1978-03-16,negativo,42
"monaldi, osmar",pro,jujuy,negativo,monaldi,Varón,en contra,voto en diputados,@OsmarMonaldi,1964-07-05,negativo,56
"montoto, maria",frente de todos,santiago del estero,negativo,montoto,Mujer,en contra,voto 2020,NA,1952-03-28,negativo,68
"gorleri, victoria",pro,ciudad autonoma de buenos aires,negativo,gorleri,Mujer,en contra,https://twitter.com/VMoralesGorleri/status/1005175220603375616?s=20,@VMoralesGorleri,1972-03-01,negativo,48
"mosqueda, juan",frente de todos,chaco,negativo,mosqueda,Varón,en contra,voto en diputados,@JuanMosqueda_ar,1962-02-13,negativo,58
"munoz, rosa",frente de todos,chubut,negativo,munoz,Mujer,en contra,voto en diputados,@RosaRosario06,1950-11-06,negativo,70
"nanni, miguel",union civica radical,salta,negativo,nanni,Varón,en contra,Votó en diputados,@NanniMiguel,1977-05-06,negativo,43
"navarro, graciela",frente de todos,santiago del estero,negativo,navarro,Mujer,en contra,Votó en diputados,@graciela_navarr,1958-12-26,negativo,62
"neder, estela",frente de todos,santiago del estero,negativo,neder,Mujer,en contra,Votó en diputados,NA,1957-12-12,negativo,63
"nunez, jose",pro,santa fe,negativo,nunez,Varón,en contra,Votó en diputados,@josenunezjurado,1974-11-12,negativo,46
"lago, paula",coalicion civica,ciudad autonoma de buenos aires,negativo,lago,Mujer,en contra,voto en diputados,@pau_oliveto,1973-02-10,negativo,47
"orrego, humberto",produccion y trabajo,san juan,negativo,orrego,Varón,en contra,https://www.0264noticias.com.ar/noticias/2019/03/25/5660-marcelo-orrego-sobre-el-aborto-estoy-a-favor-de-las-dos-vidas,@DrMarceloOrrego,1975-01-29,negativo,45
"parola, maria",frente de todos,formosa,negativo,parola,Mujer,en contra,voto 2020,NA,1978-09-06,negativo,42
"pastori, luis",union civica radical,misiones,negativo,pastori,Varón,en contra,voto en diputados,@luispastori,1952-03-13,negativo,68
"pertile, elda",frente de todos,chaco,negativo,pertile,Mujer,en contra,voto en diputados,@eldapertile,1953-06-03,negativo,67
"petri, luis",union civica radical,mendoza,negativo,petri,Varón,en contra,voto en diputados,@luispetri,1977-04-01,negativo,43
"piccolomini, maria",pro,buenos aires,negativo,piccolomini,Mujer,en contra,voto en diputados,@mpiccolomini,1980-02-28,negativo,40
"polledo, carmen",pro,ciudad autonoma de buenos aires,negativo,polledo,Mujer,en contra,voto en diputados,@carmenpolledo,1952-11-14,negativo,68
"ramon, jose",unidad y equidad federal,mendoza,negativo,ramon,Varón,en contra,voto en diputados,@JoseLuisRamonOk,1964-04-29,negativo,56
"belledone, estela",union civica radical,corrientes,negativo,belledone,Mujer,en contra,voto en diputados,@estelaregidorok,1970-03-24,negativo,50
"reyes, roxana",union civica radical,santa cruz,negativo,reyes,Mujer,en contra,votacion 2020,NA,1965-12-21,negativo,55
"rezinovsky, dina",pro,ciudad autonoma de buenos aires,negativo,rezinovsky,Mujer,en contra,https://twitter.com/dinarezi/status/1098026337443426304?s=20,@dinarezi,1987-01-29,negativo,33
"ritondo, cristian",pro,buenos aires,negativo,ritondo,Varón,en contra,https://www.lanacion.com.ar/politica/sin-titulo-nid2263584,@cristianritondo,1966-07-27,negativo,54
"rodriguez, alejandro",consenso federal,buenos aires,negativo,rodriguez,Varón,en contra,https://radiocaput.com/topo-rodriguez-con-vidal-solo-estan-mejor-los-grandes-empresarios/,@TOPOarg,1965-12-27,negativo,55
"romero, jorge",frente de todos,corrientes,negativo,romero,Varón,en contra,voto en diputados,@jromero581,1958-02-17,negativo,62
"romero, victor",union civica radical,cordoba,negativo,romero,Varón,en contra,https://www.lavoz.com.ar/ciudadanos/aborto-2020-como-votaran-diputados-y-senadores-por-cordoba,@VHRomeroV,1963-03-26,negativo,57
"rosso, victoria",frente de todos,san luis,negativo,rosso,Mujer,en contra,voto en diputados,@vicky_rosso,1989-03-15,negativo,31
"ruarte, adriana",pro,cordoba,negativo,ruarte,Mujer,en contra,https://www.lavoz.com.ar/politica/quienes-son-diputados-electos-por-provincia-de-cordoba,@Adriana_Ruarte,1969-05-10,negativo,51
"sahad, julio",pro,la rioja,negativo,sahad,Varón,en contra,voto en diputados,@SahadJulio,1956-07-01,negativo,64
"sanchez, francisco",pro,neuquen,negativo,sanchez,Varón,en contra,https://www.rionegro.com.ar/aborto-legal-un-debate-que-atraviesa-todas-las-listas-1024579/,@fsancheznqn,1973-12-23,negativo,47
"giorasi, nancy",frente de todos,corrientes,negativo,giorasi,Mujer,en contra,segun su declaración en diputados,@sandnancy,1964-01-04,negativo,56
"sapag, alma",movimiento popular neuquino,neuquen,negativo,sapag,Mujer,en contra,voto en diputados,@AlmaSapag,1952-10-02,negativo,68
"sartori, diego",frente de la concordia misionero,misiones,negativo,sartori,Varón,en contra,https://milenico.com.ar/2019/07/22/diego-sartori-2/,@SartoriDiegoH,1959-01-08,negativo,61
"scaglia, gisela",pro,santa fe,negativo,scaglia,Mujer,en contra,voto en diputados,@GiScaglia,1976-10-22,negativo,44
"schiavoni, alfredo",pro,misiones,negativo,schiavoni,Varón,en contra,https://misionescuatro.com/politica/schiavoni-tambien-reforzo-su-compromiso-con-las-dos-vidas/,@Alfreschiavoni,1963-04-07,negativo,57
"schlereth, david",pro,neuquen,negativo,schlereth,Varón,en contra,voto en diputados,NA,1970-04-11,negativo,50
"selva, carlos",frente de todos,buenos aires,negativo,selva,Varón,en contra,Votó en diputados,@_CarlosSelva,1958-03-05,negativo,62
"stefani, hector",pro,tierra del fuego,negativo,stefani,Varón,en contra,https://twitter.com/PeriodicoPausa/status/1337228541239373824?s=20,@Titostefani,1959-11-06,negativo,61
"terada, alicia",coalicion civica,chaco,negativo,terada,Mujer,en contra,voto en diputados,@TeradaAlicia,1952-08-19,negativo,68
"tonelli, pablo",pro,ciudad autonoma de buenos aires,negativo,tonelli,Varón,en contra,Votó en diputados,@PabloTonelli,1954-06-13,negativo,66
"torello, pablo",pro,buenos aires,negativo,torello,Varón,en contra,Votó en diputados,@Pablo_Torello,1959-02-12,negativo,61
"torres, ignacio",pro,chubut,negativo,torres,Varón,en contra,voto 2020,@NachoTorresCH,1988-05-04,negativo,32
"valdes, eduardo",frente de todos,ciudad autonoma de buenos aires,negativo,valdes,Varón,en contra,lo dijo en su discurso,@eduardofvaldes,1956-02-16,negativo,64
"vara, jorge",union civica radical,corrientes,negativo,vara,Varón,en contra,https://www.ellitoral.com.ar/corrientes/2019-8-4-1-0-0-vara-asume-el-desafio-electoral-tengo-mas-de-50-razones-para-apoyar-a-macri,@JorgeVara8,1956-03-13,negativo,64
"vigo, alejandra",cordoba federal,cordoba,negativo,vigo,Mujer,en contra,"VOTA EN CONTRA, lo dijo al cierre de su discurso, junto con todo el bloque de Córdoba Federal",@alevigo,1957-09-22,negativo,63
"villa, natalia",pro,buenos aires,negativo,villa,Mujer,en contra,voto en diputados,@dipnataliavilla,1979-04-15,negativo,41
"wellbach, ricardo",frente de la concordia misionero,misiones,negativo,wellbach,Varón,en contra,voto en diputados,@RicardoWellbach,1962-02-15,negativo,58
"zamarbide, federico",union civica radical,mendoza,negativo,zamarbide,Varón,en contra,voto en diputados,@FZamarbide,1982-12-03,negativo,38
"zottos, miguel",justicialista,salta,negativo,zottos,Varón,en contra,voto en diputados,@andreszottos,1961-11-30,negativo,59
"caceres, eduardo",pro,san juan,ausente,caceres,Varón,abstención/ausente,pidio licencia,@educace,1975-01-30,ausente,45
"mendiguren, jose",frente de todos,buenos aires,ausente,mendiguren,Varón,abstención/ausente,"Se fue al BICE de licencia, no tiene reemplazo",@dmvasco,1950-08-23,ausente,70
"aguirre, hilda",frente de todos,la rioja,afirmativo,aguirre,Mujer,a favor,https://www.facebook.com/abortoLaRioja/posts/2756505221282769,@bebasoria,1960-11-04,afirmativo,60
"alderete, juan",frente de todos,buenos aires,afirmativo,alderete,Varón,a favor,https://twitter.com/JCAlderete_CCC/status/1230464081565450241,@JCAlderete_CCC,1952-09-19,afirmativo,68
"rodriguez, maria",frente de todos,buenos aires,afirmativo,rodriguez,Mujer,a favor,Votó en diputados,@CrisAlvarezRod,1969-12-28,afirmativo,51
"aparicio, alicia",frente de todos,buenos aires,afirmativo,aparicio,Mujer,a favor,https://www.lanoticiaweb.com.ar/183555/aparicio-un-voto-mas-a-favor-del-aborto-voy-a-apoyar-el-proyecto-del-ejecutivo/,@AliAparicioOK,1954-09-14,afirmativo,66
"austin, brenda",union civica radical,cordoba,afirmativo,austin,Mujer,a favor,voto en diputados,@brendalisaustin,1981-11-10,afirmativo,39
"banfi, karina",union civica radical,buenos aires,afirmativo,banfi,Mujer,a favor,Votó en diputados,@KBanfi,1972-02-27,afirmativo,48
"bazze, miguel",union civica radical,buenos aires,afirmativo,bazze,Varón,a favor,Votó en diputados,@bazzemiguel,1955-04-30,afirmativo,65
"benedetti, atilio",union civica radical,entre rios,afirmativo,benedetti,Varón,a favor,voto en diputados,@atiliobenedetti,1955-01-01,afirmativo,65
"bermejo, alejandro",frente de todos,mendoza,afirmativo,bermejo,Varón,a favor,https://www.mdzol.com/politica/2020/11/23/grieta-familiar-por-el-aborto-los-hermanos-bermejo-enfrentan-posturas-120981.html,@AleBermejoMza,1963-02-18,afirmativo,57
"bernazza, claudia",frente de todos,buenos aires,afirmativo,bernazza,Mujer,a favor,https://twitter.com/cbernazza/status/482550868147855360,@cbernazza,1960-12-06,afirmativo,60
"bogdanich, esteban",frente de todos,santa fe,afirmativo,bogdanich,Varón,a favor,voto 2020,NA,1957-05-25,afirmativo,63
"bormioli, lisandro",frente de todos,buenos aires,afirmativo,bormioli,Varón,a favor,https://www.nortebonaerense.com.ar/noticias/pergamino-el-concejo-no-pudo-aprobar-ningn-proyecto-sobre-el-aborto_536987.html,@LBormioli,1975-04-13,afirmativo,45
"brawer, mara",frente de todos,ciudad autonoma de buenos aires,afirmativo,brawer,Varón,a favor,https://twitter.com/MaraBrawer/status/1230254884181757952?s=20,@MaraBrawer,1962-05-16,afirmativo,58
"britez, maria",frente de todos,misiones,afirmativo,britez,Mujer,a favor,Votó en diputados,@cbritezmisiones,1981-05-03,afirmativo,39
"bucca, eduardo",justicialista,buenos aires,afirmativo,bucca,Varón,a favor,voto en diputados,@BuccaBali,1979-06-23,afirmativo,41
"cacace, alejandro",union civica radical,san luis,afirmativo,cacace,Varón,a favor,https://twitter.com/alejandrocacace/status/1271966834728882176,@alejandrocacace,1985-03-21,afirmativo,35
"caceres, adriana",pro,buenos aires,afirmativo,caceres,Mujer,a favor,https://twitter.com/AdriCCaceres/status/1212761499837632518,@AdriCCaceres,1982-11-12,afirmativo,38
"caliva, lia",frente de todos,salta,afirmativo,caliva,Mujer,a favor,https://pcr.org.ar/nota/no-se-pueden-soportar-4-anos-mas-de-este-gobierno/,@caliva_vero,1977-12-04,afirmativo,43
"cantard, albor",union civica radical,santa fe,afirmativo,cantard,Varón,a favor,voto en diputados,@NikyCantard,1961-08-06,afirmativo,59
"caparros, mabel",frente de todos,tierra del fuego,afirmativo,caparros,Mujer,a favor,http://ecosfueguinos.com/portal/noticia/23851/mabel-caparros-sobre-la-campora-yo-no-se-si-cristi.html,@MabelCaparros,1956-09-01,afirmativo,64
"carnaghi, oscar",frente de todos,neuquen,afirmativo,carnaghi,Varón,a favor,https://tweetstamp.org/1317282352708657154,@GuilloCarnaghi,1974-09-03,afirmativo,46
"carrizo, ana",union civica radical,ciudad autonoma de buenos aires,afirmativo,carrizo,Mujer,a favor,voto en diputados,@CarlaCarrizoAR,1966-06-08,afirmativo,54
"carrizo, nilda",frente de todos,tucuman,afirmativo,carrizo,Mujer,a favor,https://www.facebook.com/lagaceta/photos/a.188988362384/10156425083897385/?type=1&theater,@mabelcarrizotuc,1979-01-13,afirmativo,41
"carro, pablo",frente de todos,cordoba,afirmativo,carro,Varón,a favor,voto en diputados,@PabloCarroOk,1965-03-29,afirmativo,55
"casaretto, marcelo",frente de todos,entre rios,afirmativo,casaretto,Varón,a favor,https://twitter.com/mpcasaretto/status/1337071873205669889?s=20,@mpcasaretto,1967-04-26,afirmativo,53
"cerruti, gabriela",frente de todos,ciudad autonoma de buenos aires,afirmativo,cerruti,Mujer,a favor,voto en diputados,@gabicerru,1965-09-12,afirmativo,55
"cisneros, carlos",frente de todos,tucuman,afirmativo,cisneros,Varón,a favor,https://twitter.com/cisneros_tuc/status/1329393518520004609?s=20,@cisneros_tuc,1962-07-21,afirmativo,58
"cleri, marcos",frente de todos,santa fe,afirmativo,cleri,Varón,a favor,Votó en diputados,@marcoscleri,1982-01-12,afirmativo,38
"corpacci, lucia",frente de todos,catamarca,afirmativo,corpacci,Mujer,a favor,https://twitter.com/Carito_Ramos/status/1337113975570444288?s=20,@LuciaCorpacci,1959-12-03,afirmativo,61
"correa, walter",frente de todos,buenos aires,afirmativo,correa,Varón,a favor,voto en diputados,@dipwaltercorrea,1964-10-30,afirmativo,56
"crescimbeni, camila",pro,buenos aires,afirmativo,crescimbeni,Varón,a favor,https://www.lanacion.com.ar/politica/el-debate-sobre-el-aborto-divide-a-la-juventud-de-pro-nid2151060,@camicrescimbeni,1990-03-22,afirmativo,30
"daives, ricardo",frente de todos,santiago del estero,afirmativo,daives,Varón,a favor,voto 2020,@ricardodaives,1950-01-06,afirmativo,70
"lamadrid, alvaro",union civica radical,ciudad autonoma de buenos aires,afirmativo,lamadrid,Varón,a favor,https://twitter.com/AlvarodLamadrid/status/1027903985381003269 https://twitter.com/AlvarodLamadrid/status/1003432001993629696,@AlvarodLamadrid,1972-02-05,afirmativo,48
"cano, nicolas",pts - frente de izquierda,buenos aires,afirmativo,cano,Varón,a favor,voto en diputados,@NicolasdelCano,1980-02-06,afirmativo,40
"cerro, gonzalo",union civica radical,santa fe,afirmativo,cerro,Varón,a favor,voto en diputados,@gondelcerro,1943-06-29,afirmativo,77
"delu, melina",frente de todos,la pampa,afirmativo,delu,Mujer,a favor,voto en diputados,@MelinaDelu,1976-06-18,afirmativo,44
"giacomo, luis",juntos somos rio negro,rio negro,afirmativo,giacomo,Varón,a favor,https://www.rionegro.com.ar/aborto-legal-un-debate-que-atraviesa-todas-las-listas-1024579/,@DiGiacomoLuis,1954-04-29,afirmativo,66
"estevez, enrique",socialista,santa fe,afirmativo,estevez,Varón,a favor,https://twitter.com/EnriqueeEstevez/status/1045694706380939265?s=20,@EnriqueeEstevez,1983-07-12,afirmativo,37
"estevez, gabriela",frente de todos,cordoba,afirmativo,estevez,Mujer,a favor,Votó en diputados,@gabiestevezok,1978-02-11,afirmativo,42
"fagioli, federico",frente de todos,buenos aires,afirmativo,fagioli,Varón,a favor,https://twitter.com/Fede_FagioliOK/status/1230223324627767302?s=20,@Fede_FagioliOK,1991-03-27,afirmativo,29
"fernandez, carlos",union civica radical,buenos aires,afirmativo,fernandez,Varón,a favor,voto en diputados,@CFernandezUCR,1959-03-14,afirmativo,61
"fernandez, eduardo",frente de todos,cordoba,afirmativo,fernandez,Varón,a favor,https://www.lavoz.com.ar/politica/posturas-muy-disimiles-entre-candidatos-cordobeses,@dipedufernandez,1952-09-06,afirmativo,68
"ferraro, maximiliano",coalicion civica,ciudad autonoma de buenos aires,afirmativo,ferraro,Varón,a favor,https://twitter.com/Maxiferraro/status/1027430625131802624?s=20,@Maxiferraro,1975-11-04,afirmativo,45
"figueroa, alcira",frente de todos,salta,afirmativo,figueroa,Mujer,a favor,https://twitter.com/EstacionSur917/status/1310590653294882816?s=20,@Alcira_Figue,1959-09-23,afirmativo,61
"frade, monica",coalicion civica,buenos aires,afirmativo,frade,Mujer,a favor,https://www.youtube.com/watch?v=kuxtsT4Q8Ss&ab_channel=QuilmesTVNoticias,@MonicaFradeok,1958-09-29,afirmativo,62
"frigerio, federico",pro,tierra del fuego,afirmativo,frigerio,Varón,a favor,voto 2020,@fedefrigerio,1987-05-04,afirmativo,33
"gaillard, ana",frente de todos,entre rios,afirmativo,gaillard,Mujer,a favor,http://entreriosahora.com/gaillard-defendio-postura-sobre-el-aborto/,@CaroGaillard,1981-10-12,afirmativo,39
"luca, sebastian",pro,buenos aires,afirmativo,luca,Varón,a favor,https://www.cronista.com/economiapolitica/Quienes-son-los-funcionarios-de-Cambiemos-que-se-expresaron-a-favor-del-aborto-20180605-0085.html,@SebastiangdlCh,1980-05-09,afirmativo,40
"garcia, alejandro",pro,ciudad autonoma de buenos aires,afirmativo,garcia,Varón,a favor,voto en diputados,@alejandrojg,1967-08-13,afirmativo,53
"garcia, ximena",union civica radical,santa fe,afirmativo,garcia,Mujer,a favor,Votó en diputados,@XimenaGarciaBl,1989-08-16,afirmativo,31
"giordano, juan",izquierda socialista - frente de izquierda,buenos aires,afirmativo,giordano,Varón,a favor,Juró por el AbortoLegal,@GiordanoGringo,1962-03-31,afirmativo,58
"godoy, lucas",frente de todos,salta,afirmativo,godoy,Varón,a favor,a favor segun su intervencion,NA,1982-03-25,afirmativo,38
"gonzalez, josefina",frente de todos,santa fe,afirmativo,gonzalez,Mujer,a favor,voto en diputados,NA,1976-02-17,afirmativo,44
"gonzalez, pablo",frente de todos,santa cruz,afirmativo,gonzalez,Varón,a favor,https://twitter.com/diariotiemposur/status/1157361322859909121?s=20,@FpvPablo,1968-06-13,afirmativo,52
"grosso, leonardo",frente de todos,buenos aires,afirmativo,grosso,Varón,a favor,Votó en diputados,@Leonardo_Grosso,1983-04-01,afirmativo,37
"olivera, alejandro",frente de todos,san juan,afirmativo,olivera,Varón,a favor,https://twitter.com/sanjuantv/status/1337024133520125959?s=20,@FranGuevaraOk,1992-03-18,afirmativo,28
"gutierrez, carlos",frente de todos,buenos aires,afirmativo,gutierrez,Varón,a favor,voto 2020,@Ramir_Gutierrez,1967-04-01,afirmativo,53
"hagman, itai",frente de todos,ciudad autonoma de buenos aires,afirmativo,hagman,Varón,a favor,https://twitter.com/ItaiHagman/status/1133402747464765440?s=20,@ItaiHagman,1983-02-13,afirmativo,37
"heller, carlos",frente de todos,ciudad autonoma de buenos aires,afirmativo,heller,Varón,a favor,https://twitter.com/SolidarioBA/status/968242796023943168?s=20,@CarlosHeller,1940-10-17,afirmativo,80
"hernandez, estela",frente de todos,chubut,afirmativo,hernandez,Mujer,a favor,https://bahiaenganofm.com.ar/aborto-legal-la-diputada-hernandez-y-la-provincia-fijaron-posturas/,@DipEstelaH,1954-09-08,afirmativo,66
"iglesias, fernando",pro,ciudad autonoma de buenos aires,afirmativo,iglesias,Varón,a favor,voto en diputados,@FerIglesias,1957-05-14,afirmativo,63
"igon, santiago",frente de todos,chubut,afirmativo,igon,Varón,a favor,Votó en diputados,@igon_santiago,1977-10-24,afirmativo,43
"joury, mercedes",pro,buenos aires,afirmativo,joury,Mujer,a favor,https://twitter.com/MercedesJoury/status/1031383058556043265?s=20,@MercedesJoury,1982-10-28,afirmativo,38
"kirchner, maximo",frente de todos,buenos aires,afirmativo,kirchner,Varón,a favor,Votó en diputados,NA,1977-02-16,afirmativo,43
"koenig, marcelo",frente de todos,buenos aires,afirmativo,koenig,Varón,a favor,https://twitter.com/MarceloKoenig/status/1328797225728798728,@MarceloKoenig,1965-02-28,afirmativo,55
"lacoste, jorge",union civica radical,entre rios,afirmativo,lacoste,Varón,a favor,voto en diputados,@jorgeelacoste,1964-07-16,afirmativo,56
"lampreabe, florencia",frente de todos,buenos aires,afirmativo,lampreabe,Mujer,a favor,https://www.rionegro.com.ar/aborto-legal-un-debate-que-atraviesa-todas-las-listas-1024579/,NA,1982-12-02,afirmativo,38
"landriscini, susana",frente de todos,rio negro,afirmativo,landriscini,Mujer,a favor,https://www.rionegro.com.ar/aborto-legal-un-debate-que-atraviesa-todas-las-listas-1024579/,NA,1952-05-16,afirmativo,68
"latorre, jimena",union civica radical,mendoza,afirmativo,latorre,Mujer,a favor,https://twitter.com/FranjaMendoza/status/1330221859368017926?s=20,@JimehLatorre,1986-08-06,afirmativo,34
"leito, mario",frente de todos,tucuman,afirmativo,leito,Varón,a favor,Lo confirmo en su discurso y https://www.lagaceta.com.ar/nota/814320/actualidad/precandidatos-fijan-postura-ante-discusion-interrupcion-voluntaria-embarazo.html,@marioaleito,1964-05-17,afirmativo,56
"lena, gabriela",union civica radical,entre rios,afirmativo,lena,Mujer,a favor,https://twitter.com/gabrielamlena/status/1027205239437488128?s=20,@gabrielamlena,1966-02-07,afirmativo,54
"rodriguez, dante",frente de todos,catamarca,afirmativo,rodriguez,Varón,a favor,Voto 2020,NA,1969-12-13,afirmativo,51
"lopez, jimena",frente de todos,buenos aires,afirmativo,lopez,Mujer,a favor,https://twitter.com/MaJimenaLopezOk/status/1225141457922686976?s=20,@MaJimenaLopezOk,1979-10-26,afirmativo,41
"lopez, juan",coalicion civica,ciudad autonoma de buenos aires,afirmativo,lopez,Varón,a favor,voto en diputados,@JnmLopez,1983-09-16,afirmativo,37
"lospennato, silvia",pro,buenos aires,afirmativo,lospennato,Mujer,a favor,Votó en diputados,@slospennato,1977-12-21,afirmativo,43
"macha, monica",frente de todos,buenos aires,afirmativo,macha,Mujer,a favor,voto en diputados,@MoniMacha,1972-02-17,afirmativo,48
"martin, juan",union civica radical,santa fe,afirmativo,martin,Varón,a favor,https://www.perfil.com/noticias/equipo-de-investigacion/ley-de-la-interrupcion-voluntaria-del-embarazo-el-46-de-los-diputados-nacionales-la-aprueban.phtml,@juanmartinmusac,1987-10-18,afirmativo,33
"martinez, german",frente de todos,santa fe,afirmativo,martinez,Varón,a favor,http://noticias.airelibre.org.ar/2020/03/02/german-martinez-sobre-el-proyecto-de-aborto-estoy-a-favor-y-voy-a-votar-a-favor/,@gerpmartinez,1975-02-22,afirmativo,45
"martinez, maria",union civica radical,ciudad autonoma de buenos aires,afirmativo,martinez,Mujer,a favor,https://twitter.com/ladolom/status/1175480204610981892?s=20,@martinezdolom,1978-05-16,afirmativo,42
"martinez, maria",frente de todos,buenos aires,afirmativo,martinez,Mujer,a favor,http://agencia.farco.org.ar/noticias/la-campana-nacional-por-el-derecho-al-aborto-presento-por-octava-vez-el-proyecto-de-interrupcion-voluntaria-del-embarazo/,@mrmartinez55,1955-09-29,afirmativo,65
"marziotta, maria",frente de todos,ciudad autonoma de buenos aires,afirmativo,marziotta,Varón,a favor,Votó en diputados,NA,1975-03-19,afirmativo,45
"masin, maria",frente de todos,chaco,afirmativo,masin,Mujer,a favor,Votó en diputados,@LuciMasin,1984-05-31,afirmativo,36
"matzen, lorena",union civica radical,rio negro,afirmativo,matzen,Mujer,a favor,voto en diputados,@lorematzen,1979-02-23,afirmativo,41
"mendoza, josefina",union civica radical,buenos aires,afirmativo,mendoza,Mujer,a favor,voto en diputados,@JosefaMendo,1992-05-16,afirmativo,28
"menna, gustavo",union civica radical,chubut,afirmativo,menna,Varón,a favor,voto en diputados,@gustamenna,1965-11-01,afirmativo,55
"moises, maria",frente de todos,jujuy,afirmativo,moises,Mujer,a favor,Votó en diputados,@CarolinaMoises,1975-03-05,afirmativo,45
"morales, flavia",frente de la concordia misionero,misiones,afirmativo,morales,Mujer,a favor,https://twitter.com/PorAbortoLegal/status/1337092997478051845?s=20,@flalomorales,1975-02-07,afirmativo,45
"moreau, cecilia",frente de todos,buenos aires,afirmativo,moreau,Mujer,a favor,Votó en diputados,@CECILIAMOREAU,1976-12-05,afirmativo,44
"moreau, leopoldo",frente de todos,buenos aires,afirmativo,moreau,Varón,a favor,voto en diputados,@MoreauLeopoldo,1946-11-05,afirmativo,74
"mounier, patricia",frente de todos,santa fe,afirmativo,mounier,Mujer,a favor,https://twitter.com/patriciamounier/status/1006869464539901953?s=20,@patriciamounier,1963-08-06,afirmativo,57
"moyano, juan",frente de todos,buenos aires,afirmativo,moyano,Varón,a favor,Votó en diputados,@Facundo_Moyano,1984-12-25,afirmativo,36
"najul, claudia",union civica radical,mendoza,afirmativo,najul,Mujer,a favor,voto en diputados,@ClauNaj,1962-04-14,afirmativo,58
"negri, mario",union civica radical,cordoba,afirmativo,negri,Varón,a favor,Votó en diputados,@marioraulnegri,1954-02-06,afirmativo,66
"obeid, alejandra",frente de todos,santa fe,afirmativo,obeid,Mujer,a favor,https://twitter.com/vicki_freire/status/1337255045650329601,@AlejandraObeid,1978-04-12,afirmativo,42
"ocana, maria",pro,buenos aires,afirmativo,ocana,Mujer,a favor,voto en diputados,@gracielaocana,1960-09-16,afirmativo,60
"ormachea, claudia",frente de todos,buenos aires,afirmativo,ormachea,Mujer,a favor,https://www.youtube.com/watch?v=4cu3Hxi4GpI,@ClaudiaTodos,1959-01-22,afirmativo,61
"osuna, blanca",frente de todos,entre rios,afirmativo,osuna,Mujer,a favor,https://www.paginapolitica.com/actualidad/aborto-legal-la-postura-de-quienes-son-candidatos-el-domingo.htm,@BlancaOsunaOK,1950-10-25,afirmativo,70
"penacca, paula",frente de todos,ciudad autonoma de buenos aires,afirmativo,penacca,Mujer,a favor,https://twitter.com/PaulaPenacca/status/1133374867577950208?s=20,@PaulaPenacca,1981-04-27,afirmativo,39
"araujo, hernan",frente de todos,la pampa,afirmativo,araujo,Varón,a favor,http://infotecrealico.com.ar/contenido/11299/ana-carmina-besga-nuestra-postura-es-a-favor-de-la-despenalizacion-del-aborto-vi,@hperezaraujo,1975-11-19,afirmativo,45
"ponce, carlos",frente de todos,san luis,afirmativo,ponce,Varón,a favor,https://twitter.com/nbg__/status/1336748860081901568?s=20,@carlosponce668,1970-02-11,afirmativo,50
"quetglas, fabio",union civica radical,buenos aires,afirmativo,quetglas,Varón,a favor,voto en diputados,@fabiojquetglas,1965-05-06,afirmativo,55
"rauschenberger, ariel",frente de todos,la pampa,afirmativo,rauschenberger,Varón,a favor,voto en diputados,@RauschenbergerA,1966-04-23,afirmativo,54
"rey, maria",pro,buenos aires,afirmativo,rey,Mujer,a favor,https://www.infobae.com/politica/2019/07/28/maria-lujan-rey-no-entiendo-a-mis-amigos-que-votan-por-el-kirchnerismo/,@MariaLujan_Rey,1969-08-04,afirmativo,51
"riccardo, jose",union civica radical,san luis,afirmativo,riccardo,Varón,a favor,voto en diputados,@joselriccardo,1961-09-04,afirmativo,59
"rizzotti, jorge",union civica radical,jujuy,afirmativo,rizzotti,Varón,a favor,https://www.quepasajujuy.com.ar/nota/104873-despues-de-meses-de-silencio-jorge-rizzotti-dijo-que-esta-a-favor-del-aborto/,@RizzottiColo,1962-02-02,afirmativo,58
"saa, nicolas",frente de todos,buenos aires,afirmativo,saa,Varón,a favor,https://twitter.com/RodriguezSaaN/status/1015711127005810688?s=20,@RodriguezSaaN,1984-05-10,afirmativo,36
"aragon, jose",frente de todos,corrientes,afirmativo,aragon,Varón,a favor,Votó en diputados,NA,1987-01-14,afirmativo,33
"russo, laura",frente de todos,buenos aires,afirmativo,russo,Mujer,a favor,voto en diputados,NA,1981-11-01,afirmativo,39
"salvador, sebastian",union civica radical,buenos aires,afirmativo,salvador,Varón,a favor,https://www.lanoticiaweb.com.ar/117607/sebastian-salvador-el-radicalismo-de-la-provincia-goza-de-buena-salud/,@SebaSalvadorOk,1977-09-11,afirmativo,43
"sarghini, jorge",consenso federal,buenos aires,afirmativo,sarghini,Varón,a favor,voto 2020,NA,1953-06-11,afirmativo,67
"schwindt, maria",frente de todos,buenos aires,afirmativo,schwindt,Mujer,a favor,https://www.clarin.com/sociedad/aborto-voto-voto-amplia-diferencia-diputados-siguen-dudas-senado_0_DoyIC_ZI.html,@LILIDEOLAVARRIA,1963-05-13,afirmativo,57
"sierra, magdalena",frente de todos,buenos aires,afirmativo,sierra,Mujer,a favor,voto en diputados,@MSierraDiputada,1966-06-25,afirmativo,54
"siley, vanesa",frente de todos,buenos aires,afirmativo,siley,Mujer,a favor,voto en diputados,@Vsiley,1984-08-19,afirmativo,36
"soria, martin",frente de todos,rio negro,afirmativo,soria,Varón,a favor,https://www.rionegro.com.ar/soria-el-aborto-clandestino-se-lleva-la-vida-de-las-mas-humildes-1600482/,@SoriaEnAccion,1975-12-15,afirmativo,45
"sposito, ayelen",frente de todos,rio negro,afirmativo,sposito,Mujer,a favor,https://www.facebook.com/spositoayelen/photos/a.1719480245002887/2118160645134843/?type=1&theater,@AyelenSposito,1985-11-09,afirmativo,35
"stilman, mariana",coalicion civica,buenos aires,afirmativo,stilman,Mujer,a favor,https://twitter.com/MarianStil/status/1230291749622427648?s=20,@marianstil,1975-11-03,afirmativo,45
"lastra, facundo",union civica radical,ciudad autonoma de buenos aires,afirmativo,lastra,Varón,a favor,voto en diputados,@fsuarezlastra,1954-02-24,afirmativo,66
"tailhade, luis",frente de todos,buenos aires,afirmativo,tailhade,Varón,a favor,Votó en diputados,@rodotailhade,1970-08-18,afirmativo,50
"tundis, mirta",frente de todos,buenos aires,afirmativo,tundis,Mujer,a favor,voto en diputados,@mirtatundis,1956-09-08,afirmativo,64
"uceda, marisa",frente de todos,mendoza,afirmativo,uceda,Mujer,a favor,https://www.mendozapost.com/nota/123723-marisa-uceda-y-el-aborto-legal-el-proyecto-anterior-me-parecia-bueno/,@MarisaUcedaOk,1979-01-30,afirmativo,41
"vallejos, maria",frente de todos,buenos aires,afirmativo,vallejos,Mujer,a favor,voto en diputados,@fvallejoss,1979-03-09,afirmativo,41
"vazquez, juan",frente de todos,santa cruz,afirmativo,vazquez,Varón,a favor,voto en diputados,@JuanVazquezFPV,1966-10-20,afirmativo,54
"vessvessian, marcela",frente de todos,santa cruz,afirmativo,vessvessian,Mujer,a favor,https://www.tiemposur.com.ar/nota/vessvessian-continuidad-de-las-politicas-sociales,@paolavessvess,1971-03-19,afirmativo,49
"vilar, daniela",frente de todos,buenos aires,afirmativo,vilar,Mujer,a favor,https://twitter.com/danyvilar/status/1009528533008502784,@danyvilar,1984-01-02,afirmativo,36
"vivero, carlos",frente de todos,neuquen,afirmativo,vivero,Varón,a favor,https://twitter.com/BetoVivero/status/1310704697175617536?s=20,@BetoVivero,1979-08-09,afirmativo,41
"wolff, waldo",pro,buenos aires,afirmativo,wolff,Varón,a favor,Votó en diputados,@WolffWaldo,1968-09-21,afirmativo,52
"yacobitti, emiliano",union civica radical,ciudad autonoma de buenos aires,afirmativo,yacobitti,Varón,a favor,http://aladerecha.com.ar/?p=977,@Yaco_Emiliano,1975-12-15,afirmativo,45
"yambrun, liliana",frente de todos,buenos aires,afirmativo,yambrun,Mujer,a favor,Firmo el dictamen de mayoria,NA,1957-10-13,afirmativo,63
"yasky, hugo",frente de todos,buenos aires,afirmativo,yasky,Varón,a favor,voto en diputados,@HugoYasky,1949-10-10,afirmativo,71
"yedlin, pablo",frente de todos,tucuman,afirmativo,yedlin,Varón,a favor,voto en diputados,@pyedlin,1966-07-16,afirmativo,54
"yutrovic, ines",frente de todos,tierra del fuego,afirmativo,yutrovic,Mujer,a favor,https://www.surenio.com.ar/2020/02/aborto-legal-seguro-y-gratuito-2,@caroyutrovic_,1964-09-12,afirmativo,56
"barbaro, hector",frente de todos,misiones,abstencion,barbaro,Varón,abstención/ausente,https://www.lavozdemisiones.com/politica/el-diputado-nacional-cacho-barbaro-votara-en-contra-del-aborto/,@CachoBarbaro,1963-04-04,abstencion,57
"cornejo, alfredo",union civica radical,mendoza,abstencion,cornejo,Varón,abstención/ausente,voto 2020,@alfredocornejo,1962-03-20,abstencion,58
"ferreyra, daniel",frente de todos,jujuy,abstencion,ferreyra,Varón,abstención/ausente,https://www.quepasajujuy.com.ar/nota/104872-cambio-de-postura-de-un-segundo-al-otro-julio-ferreyra-votara-a-favor-del-aborto/,@DipFerreyra,1942-07-01,abstencion,78
"patino, jose",pro,ciudad autonoma de buenos aires,abstencion,patino,Mujer,abstención/ausente,https://twitter.com/nbg__/status/1337099723140968449?s=20,@joseluispatinio,1964-03-01,abstencion,56
"uhrig, romina",frente de todos,buenos aires,abstencion,uhrig,Mujer,abstención/ausente,votacion 2020,@RomiUhrig,1988-01-27,abstencion,32
"zuvic, mariana",coalicion civica,ciudad autonoma de buenos aires,abstencion,zuvic,Mujer,abstención/ausente,votacion 2020,@MarianaZuvic,1974-10-18,abstencion,46
